id,item_group_id,title,description,link,image_link,price,availability,condition,brand,google_product_category,product_type,additional_image_link,custom_label_0,custom_label_1
GGB-BINYAH-TEE,BINYAH,Binyah Sea Islands Heritage Tee | Gullah Geechee Biz,"Binyah means born here. Wear Lowcountry pride with this Gullah Geechee Biz heritage tee — marsh green and gold design rooted in Sea Island culture.

Printed on demand by Printful and shipped after you order. Support independent Gullah Geechee cultural documentation.

• Unisex fit
• Soft cotton blend (see product specs)
• Design by Gullah Geechee Biz
• Printed only when ordered — no warehouse waste",https://buy.stripe.com/28E6oG6XscKVfea90GcjS00,https://raw.githubusercontent.com/Darrylebrown/gullahgeecheebiz-site/master/merch/pins/ggb-ad-binyah-keyframe.png,29.99 USD,in stock,new,Gullah Geechee Biz,Apparel & Accessories > Clothing > Shirts & Tops,Gullah Geechee Biz > Binyah > Tee,https://raw.githubusercontent.com/Darrylebrown/gullahgeecheebiz-site/master/merch/designs/ggb-design-binyah.png,Binyah,Tee
GGB-BINYAH-TOTE,BINYAH,Binyah Gullah Geechee Canvas Tote,"Everyday tote with Binyah (born here) design. Carry books, markets, and island errands with cultural pride.

Print-on-demand via Printful.",https://buy.stripe.com/9B628q4PkfX77LI3GmcjS02,https://raw.githubusercontent.com/Darrylebrown/gullahgeecheebiz-site/master/merch/pins/ggb-ad-tote-keyframe.png,24.99 USD,in stock,new,Gullah Geechee Biz,"Apparel & Accessories > Handbags, Wallets & Cases > Handbags",Gullah Geechee Biz > Binyah > Tote,https://raw.githubusercontent.com/Darrylebrown/gullahgeecheebiz-site/master/merch/designs/ggb-design-binyah.png,Binyah,Tote
GGB-BINYAH-STICKER,BINYAH,Binyah Born Here Gullah Geechee Sticker,"Small Binyah sticker for laptops, journals, and water bottles. Entry-price merch that spreads the word.",https://buy.stripe.com/28E6oGgy2h1b4zw2CicjS07,https://raw.githubusercontent.com/Darrylebrown/gullahgeecheebiz-site/master/merch/pins/ggb-ad-sticker-keyframe.png,4.99 USD,in stock,new,Gullah Geechee Biz,Arts & Entertainment > Hobbies & Creative Arts > Arts & Crafts > Art & Crafting Materials > Crafting Adhesives & Magnets > Craft Magnets & Stickers,Gullah Geechee Biz > Binyah > Sticker,https://raw.githubusercontent.com/Darrylebrown/gullahgeecheebiz-site/master/merch/designs/ggb-design-binyah.png,Binyah,Sticker
