sku_id,title,description,availability,condition,price,link,image_link,brand,product_type,video_url,additional_image_link,item_group_id,color,size
GGB-BINYAH-TEE,Binyah Gullah Geechee Tee | Born Here Sea Islands Heritage Shirt,"Binyah means born here. Wear Lowcountry pride with this Gullah Geechee Biz heritage tee — marsh green and gold design rooted in Sea Island culture.

Printed on demand by Printful and shipped after you order. Support independent Gullah Geechee cultural documentation.

• Unisex fit
• Soft cotton blend (see product specs)
• Design by Gullah Geechee Biz
• Printed only when ordered — no warehouse waste",in stock,new,29.99 USD,https://buy.stripe.com/28E6oG6XscKVfea90GcjS00,https://raw.githubusercontent.com/Darrylebrown/gullahgeecheebiz-site/master/merch/pins/ggb-ad-binyah-keyframe.png,Gullah Geechee Biz,Tee,https://raw.githubusercontent.com/Darrylebrown/gullahgeecheebiz-site/master/merch/videos/ggb-commercial-binyah.mp4,https://raw.githubusercontent.com/Darrylebrown/gullahgeecheebiz-site/master/merch/designs/ggb-design-binyah.png,BINYAH,Marsh Green / Gold,See checkout
GGB-BINYAH-TOTE,Binyah Gullah Geechee Tote Bag | Sea Islands Market Bag,"Everyday tote with Binyah (born here) design. Carry books, markets, and island errands with cultural pride.

Print-on-demand via Printful.",in stock,new,24.99 USD,https://buy.stripe.com/9B628q4PkfX77LI3GmcjS02,https://raw.githubusercontent.com/Darrylebrown/gullahgeecheebiz-site/master/merch/pins/ggb-ad-tote-keyframe.png,Gullah Geechee Biz,Tote,https://raw.githubusercontent.com/Darrylebrown/gullahgeecheebiz-site/master/merch/videos/ggb-commercial-tote.mp4,https://raw.githubusercontent.com/Darrylebrown/gullahgeecheebiz-site/master/merch/designs/ggb-design-binyah.png,BINYAH,Marsh Green / Gold,One size
GGB-BINYAH-STICKER,Binyah Gullah Geechee Sticker | Born Here Sea Islands Decal,"Small Binyah sticker for laptops, journals, and water bottles. Entry-price merch that spreads the word.",in stock,new,4.99 USD,https://buy.stripe.com/28E6oGgy2h1b4zw2CicjS07,https://raw.githubusercontent.com/Darrylebrown/gullahgeecheebiz-site/master/merch/pins/ggb-ad-sticker-keyframe.png,Gullah Geechee Biz,Sticker,https://raw.githubusercontent.com/Darrylebrown/gullahgeecheebiz-site/master/merch/videos/ggb-commercial-sticker.mp4,https://raw.githubusercontent.com/Darrylebrown/gullahgeecheebiz-site/master/merch/designs/ggb-design-binyah.png,BINYAH,Marsh Green / Gold,One size
