id,title,description,link,image_link,additional_image_link,availability,price,brand,condition,product_type,google_product_category,identifier_exists,mpn,gtin,item_group_id,color,gender,age_group,size,shipping,custom_label_0
GGB-BINYAH-TEE,Binyah Gullah Geechee Tee | Born Here Sea Islands Heritage Shirt,"Binyah means born here. Wear Lowcountry pride with this Gullah Geechee Biz heritage tee — marsh green and gold design rooted in Sea Island culture.

Printed on demand by Printful and shipped after you order. Support independent Gullah Geechee cultural documentation.

• Unisex fit
• Soft cotton blend (see product specs)
• Design by Gullah Geechee Biz
• Printed only when ordered — no warehouse waste",https://buy.stripe.com/28E6oG6XscKVfea90GcjS00,https://raw.githubusercontent.com/Darrylebrown/gullahgeecheebiz-site/master/merch/pins/ggb-ad-binyah-keyframe.png,https://raw.githubusercontent.com/Darrylebrown/gullahgeecheebiz-site/master/merch/designs/ggb-design-binyah.png,in_stock,29.99 USD,Gullah Geechee Biz,new,Gullah Geechee Biz > Binyah > Tee,Apparel & Accessories > Clothing > Shirts & Tops,no,GGB-BINYAH-TEE,,BINYAH,Marsh Green / Gold,unisex,adult,See checkout,US:::0.00 USD,Binyah
GGB-BINYAH-TOTE,Binyah Gullah Geechee Tote Bag | Sea Islands Market Bag,"Everyday tote with Binyah (born here) design. Carry books, markets, and island errands with cultural pride.

Print-on-demand via Printful.",https://buy.stripe.com/9B628q4PkfX77LI3GmcjS02,https://raw.githubusercontent.com/Darrylebrown/gullahgeecheebiz-site/master/merch/pins/ggb-ad-tote-keyframe.png,https://raw.githubusercontent.com/Darrylebrown/gullahgeecheebiz-site/master/merch/designs/ggb-design-binyah.png,in_stock,24.99 USD,Gullah Geechee Biz,new,Gullah Geechee Biz > Binyah > Tote,"Apparel & Accessories > Handbags, Wallets & Cases > Handbags",no,GGB-BINYAH-TOTE,,BINYAH,Marsh Green / Gold,,adult,One size,US:::0.00 USD,Binyah
GGB-BINYAH-STICKER,Binyah Gullah Geechee Sticker | Born Here Sea Islands Decal,"Small Binyah sticker for laptops, journals, and water bottles. Entry-price merch that spreads the word.",https://buy.stripe.com/28E6oGgy2h1b4zw2CicjS07,https://raw.githubusercontent.com/Darrylebrown/gullahgeecheebiz-site/master/merch/pins/ggb-ad-sticker-keyframe.png,https://raw.githubusercontent.com/Darrylebrown/gullahgeecheebiz-site/master/merch/designs/ggb-design-binyah.png,in_stock,4.99 USD,Gullah Geechee Biz,new,Gullah Geechee Biz > Binyah > Sticker,Arts & Entertainment > Hobbies & Creative Arts > Arts & Crafts > Art & Crafting Materials > Crafting Adhesives & Magnets > Craft Magnets & Stickers,no,GGB-BINYAH-STICKER,,BINYAH,Marsh Green / Gold,,adult,One size,US:::0.00 USD,Binyah
